Workbook

Sheet Read Me
B2: SEIT CET Progress Dashboard — BLANK TEMPLATE (FY2026)
B4: HOW TO USE THIS TEMPLATE
B5: 1. Each detail sheet has ONE shaded EXAMPLE row (light-orange) followed by empty YELLOW rows.
B6: 2. Type your real activities into the yellow rows, then DELETE or overwrite the example row.
B7: 3. Fill the Target / Cluster Target columns on the Overall sheet (yellow).
B8: 4. Save in Excel (Ctrl+S) — this refreshes the Overall / Overall (Hours) totals so the
B9: dashboard's reconciliation check passes. Then load the file with the dashboard's Upload button.
B10: 5. Everything is processed on your device — nothing is uploaded anywhere.
B12: WHAT COUNTS AS A ROW
B13: • Cluster (column B) must be exactly one of: EC1, EC2, ICT1, ICT2 — else the row is ignored.
B14: • The course / module name (column C) must be filled in.
B15: • Blank or 0 participants = 'Planned / not run' (kept, counts as 0 participation).
... B33: FY2026 runs 1 Apr 2026 → 31 Mar 2027.
B35: Legend: | C35: yellow = you fill in | E35: orange = example (delete)

Sheet Overall
B1: Overall — CET Participation
B2: Fill Target & Cluster Target (yellow) with your approved figures. The Total column auto-sums the detail sheets and is what the dashboard reconciles.
B4: Programme | C4: Target | D4: Cluster Target | E4: EC1 | F4: EC2 | G4: ICT1 | H4: ICT2 | I4: Total | J4: %
B5: WSDip | E5: =SUMIFS('WSDip'!E5:E17,'WSDip'!B5:B17,"EC1") -> 20 | F5: =SUMIFS('WSDip'!E5:E17,'WSDip'!B5:B17,"EC2") -> 0 | G5: =SUMIFS('WSDip'!E5:E17,'WSDip'!B5:B17,"ICT1") -> 0 | H5: =SUMIFS('WSDip'!E5:E17,'WSDip'!B5:B17,"ICT2") -> 0 | I5: =SUM('WSDip'!E5:E17) -> 20 | J5: =IF(C5=0,0,I5/C5) -> 0
B6: Higher Nitec (CET) | E6: =SUMIFS('Higher Nitec (CET)'!F5:F17,'Higher Nitec (CET)'!B5:B17,"EC1") -> 20 | F6: =SUMIFS('Higher Nitec (CET)'!F5:F17,'Higher Nitec (CET)'!B5:B17,"EC2") -> 0 | G6: =SUMIFS('Higher Nitec (CET)'!F5:F17,'Higher Nitec (CET)'!B5:B17,"ICT1") -> 0 | H6: =SUMIFS('Higher Nitec (CET)'!F5:F17,'Higher Nitec (CET)'!B5:B17,"ICT2") -> 0 | I6: =SUM('Higher Nitec (CET)'!F5:F17) -> 20 | J6: =IF(C6=0,0,I6/C6) -> 0
B7: SCTP | E7: =SUMIFS('SCTP'!E5:E17,'SCTP'!B5:B17,"EC1") -> 0 | F7: =SUMIFS('SCTP'!E5:E17,'SCTP'!B5:B17,"EC2") -> 0 | G7: =SUMIFS('SCTP'!E5:E17,'SCTP'!B5:B17,"ICT1") -> 15 | H7: =SUMIFS('SCTP'!E5:E17,'SCTP'!B5:B17,"ICT2") -> 0 | I7: ='SCTP'!E18 -> 20 | J7: =IF(C7=0,0,I7/C7) -> 0
B8: CoC | E8: =SUMIFS('CoC'!F4:F16,'CoC'!B4:B16,"EC1") -> 12 | F8: =SUMIFS('CoC'!F4:F16,'CoC'!B4:B16,"EC2") -> 0 | G8: =SUMIFS('CoC'!F4:F16,'CoC'!B4:B16,"ICT1") -> 0 | H8: =SUMIFS('CoC'!F4:F16,'CoC'!B4:B16,"ICT2") -> 0 | I8: =SUM('CoC'!F4:F16) -> 12 | J8: =IF(C8=0,0,I8/C8) -> 0
B9: Short Courses | E9: =SUMIFS('Short Courses'!G4:G16,'Short Courses'!B4:B16,"EC1") -> 0 | F9: =SUMIFS('Short Courses'!G4:G16,'Short Courses'!B4:B16,"EC2") -> 25 | G9: =SUMIFS('Short Courses'!G4:G16,'Short Courses'!B4:B16,"ICT1") -> 0 | H9: =SUMIFS('Short Courses'!G4:G16,'Short Courses'!B4:B16,"ICT2") -> 0 | I9: =SUM('Short Courses'!G4:G16) -> 25 | J9: =IF(C9=0,0,I9/C9) -> 0
B10: MLC | E10: =SUMIFS('MLC'!D4:D16,'MLC'!B4:B16,"EC1") -> 30 | F10: =SUMIFS('MLC'!D4:D16,'MLC'!B4:B16,"EC2") -> 0 | G10: =SUMIFS('MLC'!D4:D16,'MLC'!B4:B16,"ICT1") -> 0 | H10: =SUMIFS('MLC'!D4:D16,'MLC'!B4:B16,"ICT2") -> 0 | I10: =SUM('MLC'!D4:D16) -> 30 | J10: =IF(C10=0,0,I10/C10) -> 0
B11: ApLM | E11: =SUMIFS('APLM'!G5:G17,'APLM'!B5:B17,"EC1") -> 0 | F11: =SUMIFS('APLM'!G5:G17,'APLM'!B5:B17,"EC2") -> 0 | G11: =SUMIFS('APLM'!G5:G17,'APLM'!B5:B17,"ICT1") -> 10 | H11: =SUMIFS('APLM'!G5:G17,'APLM'!B5:B17,"ICT2") -> 0 | I11: =SUM('APLM'!G5:G17) -> 10 | J11: =IF(C11=0,0,I11/C11) -> 0
B12: Total | C12: =SUM(C5:C11) -> 0 | D12: =SUM(D5:D11) -> 0 | E12: =SUM(E5:E11) -> 82 | F12: =SUM(F5:F11) -> 25 | G12: =SUM(G5:G11) -> 25 | H12: =SUM(H5:H11) -> 0 | I12: =SUM(I5:I11) -> 137 | J12: =IF(C12=0,0,I12/C12) -> 0

Sheet Overall (Hours)
B1: Overall (Hours) — CET Training Hours
B2: Auto-summed CET training hours from the detail sheets. Drives the Training Hours tab.
B4: Programme | C4: Target | D4: Cluster Target | E4: EC1 | F4: EC2 | G4: ICT1 | H4: ICT2 | I4: Total | J4: %
B5: WSDip | E5: =SUMIFS('WSDip'!I5:I17,'WSDip'!B5:B17,"EC1",'WSDip'!E5:E17,">0") -> 40 | F5: =SUMIFS('WSDip'!I5:I17,'WSDip'!B5:B17,"EC2",'WSDip'!E5:E17,">0") -> 0 | G5: =SUMIFS('WSDip'!I5:I17,'WSDip'!B5:B17,"ICT1",'WSDip'!E5:E17,">0") -> 0 | H5: =SUMIFS('WSDip'!I5:I17,'WSDip'!B5:B17,"ICT2",'WSDip'!E5:E17,">0") -> 0 | I5: =SUMIFS('WSDip'!I5:I17,'WSDip'!E5:E17,">0") -> 40
B6: Higher Nitec (CET) | E6: =SUMIFS('Higher Nitec (CET)'!H5:H17,'Higher Nitec (CET)'!B5:B17,"EC1",'Higher Nitec (CET)'!F5:F17,">0") -> 60 | F6: =SUMIFS('Higher Nitec (CET)'!H5:H17,'Higher Nitec (CET)'!B5:B17,"EC2",'Higher Nitec (CET)'!F5:F17,">0") -> 0 | G6: =SUMIFS('Higher Nitec (CET)'!H5:H17,'Higher Nitec (CET)'!B5:B17,"ICT1",'Higher Nitec (CET)'!F5:F17,">0") -> 0 | H6: =SUMIFS('Higher Nitec (CET)'!H5:H17,'Higher Nitec (CET)'!B5:B17,"ICT2",'Higher Nitec (CET)'!F5:F17,">0") -> 0 | I6: =SUMIFS('Higher Nitec (CET)'!H5:H17,'Higher Nitec (CET)'!F5:F17,">0") -> 60
B7: SCTP | E7: =SUMIFS('SCTP'!H5:H17,'SCTP'!B5:B17,"EC1",'SCTP'!E5:E17,">0") -> 0 | F7: =SUMIFS('SCTP'!H5:H17,'SCTP'!B5:B17,"EC2",'SCTP'!E5:E17,">0") -> 0 | G7: =SUMIFS('SCTP'!H5:H17,'SCTP'!B5:B17,"ICT1",'SCTP'!E5:E17,">0") -> 24 | H7: =SUMIFS('SCTP'!H5:H17,'SCTP'!B5:B17,"ICT2",'SCTP'!E5:E17,">0") -> 0 | I7: =SUMIFS('SCTP'!H5:H17,'SCTP'!E5:E17,">0") -> 24
B8: CoC | E8: =SUMIFS('CoC'!H4:H16,'CoC'!B4:B16,"EC1",'CoC'!F4:F16,">0") -> 16 | F8: =SUMIFS('CoC'!H4:H16,'CoC'!B4:B16,"EC2",'CoC'!F4:F16,">0") -> 0 | G8: =SUMIFS('CoC'!H4:H16,'CoC'!B4:B16,"ICT1",'CoC'!F4:F16,">0") -> 0 | H8: =SUMIFS('CoC'!H4:H16,'CoC'!B4:B16,"ICT2",'CoC'!F4:F16,">0") -> 0 | I8: =SUMIFS('CoC'!H4:H16,'CoC'!F4:F16,">0") -> 16
B9: Short Courses | E9: =SUMIFS('Short Courses'!I4:I16,'Short Courses'!B4:B16,"EC1",'Short Courses'!G4:G16,">0") -> 0 | F9: =SUMIFS('Short Courses'!I4:I16,'Short Courses'!B4:B16,"EC2",'Short Courses'!G4:G16,">0") -> 24 | G9: =SUMIFS('Short Courses'!I4:I16,'Short Courses'!B4:B16,"ICT1",'Short Courses'!G4:G16,">0") -> 0 | H9: =SUMIFS('Short Courses'!I4:I16,'Short Courses'!B4:B16,"ICT2",'Short Courses'!G4:G16,">0") -> 0 | I9: =SUMIFS('Short Courses'!I4:I16,'Short Courses'!G4:G16,">0") -> 24
B10: MLC | E10: =SUMIFS('MLC'!H4:H16,'MLC'!B4:B16,"EC1",'MLC'!D4:D16,">0") -> 8 | F10: =SUMIFS('MLC'!H4:H16,'MLC'!B4:B16,"EC2",'MLC'!D4:D16,">0") -> 0 | G10: =SUMIFS('MLC'!H4:H16,'MLC'!B4:B16,"ICT1",'MLC'!D4:D16,">0") -> 0 | H10: =SUMIFS('MLC'!H4:H16,'MLC'!B4:B16,"ICT2",'MLC'!D4:D16,">0") -> 0 | I10: =SUMIFS('MLC'!H4:H16,'MLC'!D4:D16,">0") -> 8
B11: ApLM | E11: =SUMIFS('APLM'!I5:I17,'APLM'!B5:B17,"EC1",'APLM'!G5:G17,">0") -> 0 | F11: =SUMIFS('APLM'!I5:I17,'APLM'!B5:B17,"EC2",'APLM'!G5:G17,">0") -> 0 | G11: =SUMIFS('APLM'!I5:I17,'APLM'!B5:B17,"ICT1",'APLM'!G5:G17,">0") -> 40 | H11: =SUMIFS('APLM'!I5:I17,'APLM'!B5:B17,"ICT2",'APLM'!G5:G17,">0") -> 0 | I11: =SUMIFS('APLM'!I5:I17,'APLM'!G5:G17,">0") -> 40
B12: Total | C12: =SUM(C5:C11) -> 0 | D12: =SUM(D5:D11) -> 0 | E12: =SUM(E5:E11) -> 124 | F12: =SUM(F5:F11) -> 24 | G12: =SUM(G5:G11) -> 64 | H12: =SUM(H5:H11) -> 0 | I12: =SUM(I5:I11) -> 212

Sheet WSDip
B1: WSDip — Work-Study Diploma
C3: Example Work-Study Diploma
B4: Cluster | C4: WSDip Module | D4: Date | E4: Participants | F4: Trainer | G4: Term Code | H4: Hours | I4: Total Hours | J4: Notes
B5: EC1 | C5: Example entry — replace or delete | D5: 46154 | E5: 20 | F5: Trainer name | G5: 5264 | H5: 40 | I5: 40 | L5: ◄ EXAMPLE — replace with your data or delete this row
C18: Total | E18: =SUM(E5:E17) -> 20 | I18: =SUM(I5:I17) -> 40

Sheet Higher Nitec (CET)
B1: Higher Nitec (CET)
C3: Example Higher Nitec course
B4: Cluster | C4: Higher Nitec (CET) Module | D4: Date | E4: Trainer | F4: Participants | G4: Hours | H4: Total Hours
B5: EC1 | C5: Example entry — replace or delete | D5: 46167 | E5: Trainer name | F5: 20 | G5: 60 | H5: 60 | J5: ◄ EXAMPLE — replace with your data or delete this row
C18: Total | F18: =SUM(F5:F17) -> 20 | H18: =SUM(H5:H17) -> 60

Sheet SCTP
B1: SCTP — Skills-based Cert Training Prog
C3: Example SCTP course
B4: Cluster | C4: SCTP Module | D4: Date | E4: Participants | F4: Trainer | G4: Hours | H4: Total Hours | I4: Notes
B5: ICT1 | C5: Example entry — replace or delete | D5: 46152 | E5: 15 | F5: Trainer name | G5: 24 | H5: 24 | K5: ◄ EXAMPLE — replace with your data or delete this row
C18: Total | E18: 20

Sheet CoC
B1: CoC — Certificate of Competency
B3: Cluster | C3: CoC | D3: Date | E3: Trainer | F3: Participants | G3: Hours | H3: Total Hours
B4: EC1 | C4: Example entry — replace or delete | D4: 46223 | E4: Trainer name | F4: 12 | G4: 16 | H4: 16 | J4: ◄ EXAMPLE — replace with your data or delete this row
C17: Total | F17: =SUM(F4:F16) -> 12 | H17: =SUM(H4:H16) -> 16

Sheet Short Courses
B1: Short Courses
B3: Cluster | C3: Short Course | D3: Start Date | E3: End Date | F3: Trainer | G3: Participants | H3: Hours | I3: Total Hours | J3: Notes
B4: EC2 | C4: Example entry — replace or delete | D4: 46147 | E4: 46149 | F4: Trainer name | G4: 25 | H4: 24 | I4: 24 | L4: ◄ EXAMPLE — replace with your data or delete this row
C17: Total | G17: =SUM(G4:G16) -> 25 | I17: =SUM(I4:I16) -> 24

Sheet MLC
B1: MLC — Mentoring Leadership Circle
B3: Cluster | C3: MLC Course Name | D3: Participants | E3: Period | F3: Trainer | G3: Hours | H3: Total Hours
B4: EC1 | C4: Example entry — replace or delete | D4: 30 | E4: Apr26–Mar27 | F4: Trainer name | G4: 8 | H4: 8 | J4: ◄ EXAMPLE — replace with your data or delete this row
C17: Total | D17: =SUM(D4:D16) -> 30 | H17: =SUM(H4:H16) -> 8

Sheet APLM
B1: APLM — Adjunct / Practice Lead Monitoring
C3: Example Adjunct programme
B4: Cluster | C4: APLM Course Name | D4: Start Date | E4: End Date | F4: Trainer | G4: Participants | H4: Hours | I4: Total Hours | J4: Notes
B5: ICT1 | C5: Example entry — replace or delete | D5: 46174 | E5: 46203 | F5: Trainer name | G5: 10 | H5: 40 | I5: 40 | L5: ◄ EXAMPLE — replace with your data or delete this row
C18: Total | G18: =SUM(G5:G17) -> 10 | I18: =SUM(I5:I17) -> 40

Sheet 9 Course Tracking
B1: 9 Course Tracking — Upcoming / Pipeline
B2: S/N | C2: Course Title | E2: Type | I2: Target Month | J2: Remarks | K2: Latest Update
B3: 1 | C3: Example upcoming course — delete me | E3: New | I3: 46310 | J3: In charge - Name | K3: Latest status note | M3: ◄ EXAMPLE — replace or delete

Sheet CoC Owners
B1: CoC Owners — ownership register (feeds Offerings tab)
B2: Cluster | C2: CoC Title | D2: AD Owner | E2: Manager Owner
B3: EC1 | C3: Example CoC title — delete me | D3: AD name | E3: Manager name | G3: ◄ EXAMPLE — replace or delete
