Workbook

Sheet Read Me
B2: SOE CET Tracking 2026 — BLANK TEMPLATE
B4: HOW THIS WORKBOOK IS ORGANISED
B5: • One tab per DEPARTMENT (LTE1, LTE2, EE, MCE, ME, BE). Each department rep owns and
B6: maintains their own tab.
B7: • 'Overall' is the monitoring tab — it auto-sums every department's participants and training
B8: hours in one place. You only read it; do not type into its grey Actual/% columns.
B9: • 'All Courses' is a register of every course, with live counts by department and by type.
B10: • 'Lists' powers the dropdowns — edit it only to add a new course type or department.
B12: HOW A DEPARTMENT REP FILLS IN THEIR TAB
B13: 1. Each row = one course / training activity your department ran or plans to run.
B14: 2. Pick the Course Type from the dropdown (column B). Fill the yellow cells.
B15: 3. One shaded ORANGE example row is provided — overwrite or delete it.
... B25: DEPARTMENTS
B26: • LTE1 | C26: AE Higher Nitec
B27: • LTE2 | C27: AE TED & RTE
B28: • EE | C28: Electrical Engr
B29: • MCE | C29: Mechatronic Engr
B30: • ME | C30: Mechanical Engr
B31: • BE | C31: Built Environment
B33: Legend: | C33: yellow = you fill in | D33: orange = example (delete)

Sheet Overall
B1: Overall — SOE CET Monitor (FY2026)
B2: Fill the yellow Target columns. Participants and Training Hours auto-sum from each department tab. Grey columns are read-only.
C3: Participants | F3: Training Hours
B4: Department | C4: Target | D4: Actual | E4: % | F4: Target | G4: Actual | H4: %
B5: LTE1 | D5: =SUM('LTE1'!E5:E54) -> 20 | E5: =IF(C5=0,0,D5/C5) -> 0 | G5: =SUM('LTE1'!H5:H54) -> 60 | H5: =IF(F5=0,0,G5/F5) -> 0
B6: LTE2 | D6: =SUM('LTE2'!E5:E54) -> 18 | E6: =IF(C6=0,0,D6/C6) -> 0 | G6: =SUM('LTE2'!H5:H54) -> 40 | H6: =IF(F6=0,0,G6/F6) -> 0
B7: EE | D7: =SUM('EE'!E5:E54) -> 15 | E7: =IF(C7=0,0,D7/C7) -> 0 | G7: =SUM('EE'!H5:H54) -> 24 | H7: =IF(F7=0,0,G7/F7) -> 0
B8: MCE | D8: =SUM('MCE'!E5:E54) -> 22 | E8: =IF(C8=0,0,D8/C8) -> 0 | G8: =SUM('MCE'!H5:H54) -> 32 | H8: =IF(F8=0,0,G8/F8) -> 0
B9: ME | D9: =SUM('ME'!E5:E54) -> 25 | E9: =IF(C9=0,0,D9/C9) -> 0 | G9: =SUM('ME'!H5:H54) -> 16 | H9: =IF(F9=0,0,G9/F9) -> 0
B10: BE | D10: =SUM('BE'!E5:E54) -> 12 | E10: =IF(C10=0,0,D10/C10) -> 0 | G10: =SUM('BE'!H5:H54) -> 16 | H10: =IF(F10=0,0,G10/F10) -> 0
B11: Total | C11: =SUM(C5:C10) -> 0 | D11: =SUM(D5:D10) -> 112 | E11: =IF(C11=0,0,D11/C11) -> 0 | F11: =SUM(F5:F10) -> 0 | G11: =SUM(G5:G10) -> 188 | H11: =IF(F11=0,0,G11/F11) -> 0

Sheet LTE1
B1: LTE1 — AE Higher Nitec
B2: Department rep: ______________________ One row = one course/activity. Pick Course Type from the dropdown. Fill yellow cells.
B4: Course Type | C4: Course Name | D4: Date | E4: Participants | F4: Trainer | G4: Hours | H4: Total Hours | I4: Notes
B5: Higher Nitec | C5: Example — replace or delete | D5: 46167 | E5: 20 | F5: Trainer name | G5: 60 | H5: 60 | J5: ◄ EXAMPLE — replace with your data or delete this row
C55: Total | E55: =SUM(E5:E54) -> 20 | H55: =SUM(H5:H54) -> 60

Sheet LTE2
B1: LTE2 — AE TED & RTE
B2: Department rep: ______________________ One row = one course/activity. Pick Course Type from the dropdown. Fill yellow cells.
B4: Course Type | C4: Course Name | D4: Date | E4: Participants | F4: Trainer | G4: Hours | H4: Total Hours | I4: Notes
B5: WSDip | C5: Example — replace or delete | D5: 46154 | E5: 18 | F5: Trainer name | G5: 40 | H5: 40 | J5: ◄ EXAMPLE — replace with your data or delete this row
C55: Total | E55: =SUM(E5:E54) -> 18 | H55: =SUM(H5:H54) -> 40

Sheet EE
B1: EE — Electrical Engr
B2: Department rep: ______________________ One row = one course/activity. Pick Course Type from the dropdown. Fill yellow cells.
B4: Course Type | C4: Course Name | D4: Date | E4: Participants | F4: Trainer | G4: Hours | H4: Total Hours | I4: Notes
B5: SCTP | C5: Example — replace or delete | D5: 46183 | E5: 15 | F5: Trainer name | G5: 24 | H5: 24 | J5: ◄ EXAMPLE — replace with your data or delete this row
C55: Total | E55: =SUM(E5:E54) -> 15 | H55: =SUM(H5:H54) -> 24

Sheet MCE
B1: MCE — Mechatronic Engr
B2: Department rep: ______________________ One row = one course/activity. Pick Course Type from the dropdown. Fill yellow cells.
B4: Course Type | C4: Course Name | D4: Date | E4: Participants | F4: Trainer | G4: Hours | H4: Total Hours | I4: Notes
B5: ISC | C5: Example — replace or delete | D5: 46204 | E5: 22 | F5: Trainer name | G5: 32 | H5: 32 | J5: ◄ EXAMPLE — replace with your data or delete this row
C55: Total | E55: =SUM(E5:E54) -> 22 | H55: =SUM(H5:H54) -> 32

Sheet ME
B1: ME — Mechanical Engr
B2: Department rep: ______________________ One row = one course/activity. Pick Course Type from the dropdown. Fill yellow cells.
B4: Course Type | C4: Course Name | D4: Date | E4: Participants | F4: Trainer | G4: Hours | H4: Total Hours | I4: Notes
B5: Short Courses | C5: Example — replace or delete | D5: 46147 | E5: 25 | F5: Trainer name | G5: 16 | H5: 16 | J5: ◄ EXAMPLE — replace with your data or delete this row
C55: Total | E55: =SUM(E5:E54) -> 25 | H55: =SUM(H5:H54) -> 16

Sheet BE
B1: BE — Built Environment
B2: Department rep: ______________________ One row = one course/activity. Pick Course Type from the dropdown. Fill yellow cells.
B4: Course Type | C4: Course Name | D4: Date | E4: Participants | F4: Trainer | G4: Hours | H4: Total Hours | I4: Notes
B5: CoC (ITE) | C5: Example — replace or delete | D5: 46223 | E5: 12 | F5: Trainer name | G5: 16 | H5: 16 | J5: ◄ EXAMPLE — replace with your data or delete this row
C55: Total | E55: =SUM(E5:E54) -> 12 | H55: =SUM(H5:H54) -> 16

Sheet All Courses
B1: All Courses — Register & Counts
B2: List each course once. Pick Course Type and Department from the dropdowns. The green blocks on the right count courses automatically.
B4: Course Name | C4: Course Type | D4: Department | E4: Participants | F4: Runs | G4: Notes | I4: Courses by Department | L4: Courses by Type
B5: Example course — replace or delete | C5: Higher Nitec | D5: LTE1 | E5: 20 | F5: 1 | H5: ◄ EXAMPLE — replace or delete | I5: LTE1 | J5: =COUNTIF($D$5:$D$54,I5) -> 1 | L5: WSDip | M5: =COUNTIF($C$5:$C$54,L5) -> 0
I6: LTE2 | J6: =COUNTIF($D$5:$D$54,I6) -> 0 | L6: Higher Nitec | M6: =COUNTIF($C$5:$C$54,L6) -> 1
I7: EE | J7: =COUNTIF($D$5:$D$54,I7) -> 0 | L7: Higher Nitec (Enhanced) | M7: =COUNTIF($C$5:$C$54,L7) -> 0
I8: MCE | J8: =COUNTIF($D$5:$D$54,I8) -> 0 | L8: Nitec | M8: =COUNTIF($C$5:$C$54,L8) -> 0
I9: ME | J9: =COUNTIF($D$5:$D$54,I9) -> 0 | L9: ISC | M9: =COUNTIF($C$5:$C$54,L9) -> 0
I10: BE | J10: =COUNTIF($D$5:$D$54,I10) -> 0 | L10: ISC (WTC) | M10: =COUNTIF($C$5:$C$54,L10) -> 0
I11: Total | J11: =SUM(J5:J10) -> 1 | L11: SCTP | M11: =COUNTIF($C$5:$C$54,L11) -> 0
L12: CoC (ITE) | M12: =COUNTIF($C$5:$C$54,L12) -> 0
L13: CoC (WTC) | M13: =COUNTIF($C$5:$C$54,L13) -> 0
L14: Short Courses | M14: =COUNTIF($C$5:$C$54,L14) -> 0
L15: MLC | M15: =COUNTIF($C$5:$C$54,L15) -> 0
L16: JIND | M16: =COUNTIF($C$5:$C$54,L16) -> 0
L17: WSQ | M17: =COUNTIF($C$5:$C$54,L17) -> 0
L18: TTT | M18: =COUNTIF($C$5:$C$54,L18) -> 0
L19: GE | M19: =COUNTIF($C$5:$C$54,L19) -> 0
L20: Total | M20: =SUM(M5:M19) -> 1

Sheet Lists
A1: Course Types | C1: Department | D1: Full name
A2: WSDip | C2: LTE1 | D2: AE Higher Nitec
A3: Higher Nitec | C3: LTE2 | D3: AE TED & RTE
A4: Higher Nitec (Enhanced) | C4: EE | D4: Electrical Engr
A5: Nitec | C5: MCE | D5: Mechatronic Engr
A6: ISC | C6: ME | D6: Mechanical Engr
A7: ISC (WTC) | C7: BE | D7: Built Environment
A8: SCTP
A9: CoC (ITE)
A10: CoC (WTC)
A11: Short Courses
A12: MLC
A13: JIND
A14: WSQ
A15: TTT
A16: GE
A19: Edit this sheet only to add/rename a course type or department.
